nome_projeto,descricao_projeto,titulo_tarefa,status,prioridade,data_limite
Projeto Alpha,Desenvolvimento do novo módulo de relatórios,Definir requisitos de UX/UI,P,A,2026-01-10
Projeto Alpha,Desenvolvimento do novo módulo de relatórios,Configurar ambiente de testes,E,M,2026-01-15
Projeto Beta,Migração do banco de dados legado,Backup da base de dados atual,C,A,2025-12-01
Projeto Beta,Migração do banco de dados legado,Testes de carga na nova estrutura,P,B,2026-02-20
Manutenção Geral,Tarefas de rotina e pequenos ajustes,Atualizar dependências Python,E,M,2025-12-31
Manutenção Geral,Tarefas de rotina e pequenos ajustes,Revisão de segurança,P,A,2026-01-05
